{
    "matchEventXPRewards": [
        { "eventId": 0,     "xpReward": 10,   "maxCount": 15, "displayCategory": 2, "isDisplayDefault":true,  "locStringId": "MATCH_EVENT_TACKLE_WON" },
        { "eventId": 5,     "xpReward": 5,    "maxCount": 10, "displayCategory": 2, "isDisplayDefault":true,  "locStringId": "MATCH_EVENT_BLOCK" },
        { "eventId": 6,     "xpReward": 15,   "maxCount": 15, "displayCategory": 2, "isDisplayDefault":true,  "locStringId": "MATCH_EVENT_INTERCEPTION" },
        { "eventId": 7,     "xpReward": 5,    "maxCount": 10, "displayCategory": 2, "isDisplayDefault":true,  "locStringId": "MATCH_EVENT_HEADER_WIN" },
        { "eventId": 11,    "xpReward": 30,   "maxCount": 5,  "displayCategory": 1, "isDisplayDefault":true,  "locStringId": "MATCH_EVENT_GOAL_ASSIST" },
        { "eventId": 12,    "xpReward": 25,   "maxCount": 5,  "displayCategory": 1, "isDisplayDefault":true,  "locStringId": "MATCH_EVENT_GOAL_INSIDE_BOX" },
		{ "eventId": 13,    "xpReward": 5,    "maxCount": 10, "displayCategory": 1, "isDisplayDefault":false, "locStringId": "MATCH_EVENT_SHOT_TARGET_INSIDE_BOX" },
		{ "eventId": 15,    "xpReward": 4,    "maxCount": 10, "displayCategory": 1, "isDisplayDefault":false, "locStringId": "MATCH_EVENT_WOODWORK_AFTER_ON_TARGET_INSIDE_BOX" },
		{ "eventId": 16,    "xpReward": 4,    "maxCount": 10, "displayCategory": 1, "isDisplayDefault":false, "locStringId": "MATCH_EVENT_WOODWORK_AFTER_OFF_TARGET_INSIDE_BOX" },
        { "eventId": 17,    "xpReward": 30,   "maxCount": 5,  "displayCategory": 1, "isDisplayDefault":true,  "locStringId": "MATCH_EVENT_GOAL_OUTSIDE_BOX" },
		{ "eventId": 18,    "xpReward": 5,    "maxCount": 10, "displayCategory": 1, "isDisplayDefault":false, "locStringId": "MATCH_EVENT_SHOT_TARGET_OUTSIDE_BOX" },
		{ "eventId": 20,    "xpReward": 4,    "maxCount": 10, "displayCategory": 1, "isDisplayDefault":false, "locStringId": "MATCH_EVENT_WOODWORK_AFTER_ON_TARGET_OUTSIDE_BOX," },
		{ "eventId": 21,    "xpReward": 4,    "maxCount": 10, "displayCategory": 1, "isDisplayDefault":false, "locStringId": "MATCH_EVENT_WOODWORK_AFTER_OFF_TARGET_OUTSIDE_BOX" },
        { "eventId": 24,    "xpReward": 2,    "maxCount": 10, "displayCategory": 1, "isDisplayDefault":true,  "locStringId": "MATCH_EVENT_SUCCESSFUL_SHORT_PASS" },
		{ "eventId": 26,    "xpReward": 2,    "maxCount": 10, "displayCategory": 1, "isDisplayDefault":false, "locStringId": "MATCH_EVENT_SUCCESSFUL_MEDIUM_PASS" },
        { "eventId": 28,    "xpReward": 4,    "maxCount": 10, "displayCategory": 1, "isDisplayDefault":true,  "locStringId": "MATCH_EVENT_SUCCESSFUL_LONG_PASS" },
		{ "eventId": 30,    "xpReward": 3,    "maxCount": 10, "displayCategory": 1, "isDisplayDefault":false, "locStringId": "MATCH_EVENT_SUCCESSFUL_FORWARD_PASS" },
        { "eventId": 36,    "xpReward": 5,    "maxCount": 10, "displayCategory": 1, "isDisplayDefault":true,  "locStringId": "MATCH_EVENT_SUCCESSFUL_CROSS" },
        { "eventId": 46,    "xpReward": 25,   "maxCount": 5,  "displayCategory": 1, "isDisplayDefault":false, "locStringId": "MATCH_EVENT_PENALTY_SCORED" },
        { "eventId": 48,    "xpReward": 50,   "maxCount": 5,  "displayCategory": 1, "isDisplayDefault":false, "locStringId": "MATCH_EVENT_FREE_KICK_SCORED" },
        { "eventId": 49,    "xpReward": 25,   "maxCount": 10, "displayCategory": 2, "isDisplayDefault":false, "locStringId": "MATCH_EVENT_GK_SHOT_CAUGHT" },
        { "eventId": 50,    "xpReward": 25,   "maxCount": 10, "displayCategory": 2, "isDisplayDefault":false, "locStringId": "MATCH_EVENT_GK_SHOT_PARRIED" },
        { "eventId": 51,    "xpReward": 15,   "maxCount": 10, "displayCategory": 2, "isDisplayDefault":false, "locStringId": "MATCH_EVENT_GK_CROSS_CAUGHT" },
        { "eventId": 53,    "xpReward": 100,  "maxCount": 10, "displayCategory": 2, "isDisplayDefault":false, "locStringId": "MATCH_EVENT_GK_PENALTY_SAVED" },
        { "eventId": 93,    "xpReward": 100,  "maxCount": 1,  "displayCategory": 1, "isDisplayDefault":false, "locStringId": "MATCH_EVENT_HAT_TRICK" },
        { "eventId": 98,    "xpReward": 20,   "maxCount": 5,  "displayCategory": 1, "isDisplayDefault":false, "locStringId": "MATCH_EVENT_PLAYER_KEY_DRIBBLE" },
		{ "eventId": 112,   "xpReward": 5,    "maxCount": 10, "displayCategory": 1, "isDisplayDefault":false, "locStringId": "MATCH_EVENT_PLAYER_SUCCESSFUL_ONE_ON_ONE" },
        { "eventId": 113,   "xpReward": 50,   "maxCount": 1,  "displayCategory": 2, "isDisplayDefault":false, "locStringId": "MATCH_EVENT_CLEAN_SHEET" },
        { "eventId": 114,   "xpReward": 20,   "maxCount": 5,  "displayCategory": 1, "isDisplayDefault":false, "locStringId": "MATCH_EVENT_KEY_PASS" },
        { "eventId": 115,   "xpReward": 20,   "maxCount": 5,  "displayCategory": 1, "isDisplayDefault":false, "locStringId": "MATCH_EVENT_SECOND_ASSIST" },
		{ "eventId": 119,   "xpReward": 2,    "maxCount": 10, "displayCategory": 1, "isDisplayDefault":false, "locStringId": "MATCH_EVENT_DRIBBLE_BEAT_MAN_SKILLMOVE" },
		{ "eventId": 122,   "xpReward": 50,   "maxCount": 5,  "displayCategory": 1, "isDisplayDefault":false, "locStringId": "MATCH_EVENT_GOALS_BICYCLE" },
		{ "eventId": 123,   "xpReward": 40,   "maxCount": 5,  "displayCategory": 1, "isDisplayDefault":false, "locStringId": "MATCH_EVENT_GOALS_CHIP" },
		{ "eventId": 124,   "xpReward": 30,   "maxCount": 5,  "displayCategory": 1, "isDisplayDefault":false, "locStringId": "MATCH_EVENT_GOALS_FINESSE" },
		{ "eventId": 125,   "xpReward": 30,   "maxCount": 5,  "displayCategory": 1, "isDisplayDefault":false, "locStringId": "MATCH_EVENT_GOALS_HEADER" },
		{ "eventId": 126,   "xpReward": 30,   "maxCount": 5,  "displayCategory": 1, "isDisplayDefault":false, "locStringId": "MATCH_EVENT_GOALS_VOLLEY" },
		{ "eventId": 127,   "xpReward": 40,   "maxCount": 5,  "displayCategory": 1, "isDisplayDefault":false, "locStringId": "MATCH_EVENT_GOALS_30_YARDS" },
		{ "eventId": 128,   "xpReward": 30,   "maxCount": 5,  "displayCategory": 1, "isDisplayDefault":false, "locStringId": "MATCH_EVENT_GOALS_FIRST_TIME_SHOT" },
		{ "eventId": 129,   "xpReward": 40,   "maxCount": 5,  "displayCategory": 1, "isDisplayDefault":false, "locStringId": "MATCH_EVENT_GOALS_DIVING_HEADER" },
		{ "eventId": 130,   "xpReward": 30,   "maxCount": 5,  "displayCategory": 1, "isDisplayDefault":false, "locStringId": "MATCH_EVENT_GOALS_FANCY" },
		{ "eventId": 131,   "xpReward": 30,   "maxCount": 5,  "displayCategory": 1, "isDisplayDefault":false, "locStringId": "MATCH_EVENT_GOALS_SHOT_WITH_NON_PREFERRED_FOOT" },
		{ "eventId": 138,   "xpReward": 35,   "maxCount": 5,  "displayCategory": 1, "isDisplayDefault":false, "locStringId": "MATCH_EVENT_GOALS_DRIBBLE_KEEPER" },
		{ "eventId": 144,   "xpReward": 5,    "maxCount": 10, "displayCategory": 1, "isDisplayDefault":false, "locStringId": "MATCH_EVENT_PASS_SWITCH_PLAY" },
		{ "eventId": 146,   "xpReward": 50,   "maxCount": 5,  "displayCategory": 2, "isDisplayDefault":true,  "locStringId": "MATCH_EVENT_PASS_GOAL_LINE_CLEARANCE" },
		{ "eventId": 152,   "xpReward": 4,    "maxCount": 10, "displayCategory": 1, "isDisplayDefault":false, "locStringId": "MATCH_EVENT_PASS_THROUGH_BALL" },
		{ "eventId": 158,   "xpReward": 6,    "maxCount": 10, "displayCategory": 2, "isDisplayDefault":false, "locStringId": "MATCH_EVENT_TACKLE_DISPOSSESSED" },
		{ "eventId": 159,   "xpReward": 6,    "maxCount": 10, "displayCategory": 2, "isDisplayDefault":false, "locStringId": "MATCH_EVENT_TACKLE_ENDED_DRIBBLE" },
		{ "eventId": 161,   "xpReward": 30,   "maxCount": 10, "displayCategory": 2, "isDisplayDefault":false, "locStringId": "MATCH_EVENT_TACKLE_LAST_MAN" },
		{ "eventId": 165,   "xpReward": 20,   "maxCount": 10, "displayCategory": 2, "isDisplayDefault":false, "locStringId": "MATCH_EVENT_TACKLE_ENDS_BREAKAWAY" },
		{ "eventId": 174,   "xpReward": 1,    "maxCount": 15, "displayCategory": 1, "isDisplayDefault":false, "locStringId": "MATCH_EVENT_DRIBBLE_SUCCESSFUL" },
        { "eventId": 10000, "xpReward": 50,   "maxCount": 1,  "displayCategory": 0, "isDisplayDefault":false, "locStringId": "CM_MATCHRATING" },
        { "eventId": 10001, "xpReward": 100,  "maxCount": 1,  "displayCategory": 0, "isDisplayDefault":false, "locStringId": "CM_MATCHRATING" },
        { "eventId": 10002, "xpReward": 200,  "maxCount": 1,  "displayCategory": 0, "isDisplayDefault":false, "locStringId": "CM_MATCHRATING" },
        { "eventId": 10003, "xpReward": 300,  "maxCount": 1,  "displayCategory": 0, "isDisplayDefault":false, "locStringId": "CM_MATCHRATING" },
        { "eventId": 10004, "xpReward": 450,  "maxCount": 1,  "displayCategory": 0, "isDisplayDefault":false, "locStringId": "CM_MATCHRATING" },
        { "eventId": 10005, "xpReward": 600,  "maxCount": 1,  "displayCategory": 0, "isDisplayDefault":false, "locStringId": "CM_MATCHRATING" },
        { "eventId": 10006, "xpReward": 800,  "maxCount": 1,  "displayCategory": 0, "isDisplayDefault":false, "locStringId": "CM_MATCHRATING" },
        { "eventId": 10007, "xpReward": 1000,  "maxCount": 1,  "displayCategory": 0, "isDisplayDefault":false, "locStringId": "CM_MATCHRATING" },
        { "eventId": 10008, "xpReward": 1250, "maxCount": 1,  "displayCategory": 0, "isDisplayDefault":false, "locStringId": "CM_MATCHRATING" },
        { "eventId": 10009, "xpReward": 1500, "maxCount": 1,  "displayCategory": 0, "isDisplayDefault":false, "locStringId": "CM_MATCHRATING" },
        { "eventId": 10010, "xpReward": 1750, "maxCount": 1,  "displayCategory": 0, "isDisplayDefault":false, "locStringId": "CM_MATCHRATING" }
    ],

	"lumpSumRewards": [
	],
	
	"multipliers": [
	],

    "playerLevels": [
	    { "xpRequired": 0,		"level": 1  },
        { "xpRequired": 750,	"level": 2  },
        { "xpRequired": 3550,	"level": 3  },
        { "xpRequired": 6950,	"level": 4  },
        { "xpRequired": 10650,	"level": 5  },
        { "xpRequired": 14700,	"level": 6  },
        { "xpRequired": 19100,	"level": 7  },
        { "xpRequired": 23900,	"level": 8  },
        { "xpRequired": 29150,	"level": 9  },
        { "xpRequired": 34850,	"level": 10 },
        { "xpRequired": 41050,	"level": 11 },
        { "xpRequired": 47800,	"level": 12 },
        { "xpRequired": 55150,	"level": 13 },
        { "xpRequired": 63150,	"level": 14 },
        { "xpRequired": 71850,	"level": 15 },
        { "xpRequired": 81350,	"level": 16 },
        { "xpRequired": 91700,	"level": 17 },
        { "xpRequired": 103000,	"level": 18 },
        { "xpRequired": 115300,	"level": 19 },
        { "xpRequired": 128700,	"level": 20 },
        { "xpRequired": 143300,	"level": 21 },
        { "xpRequired": 159200,	"level": 22 },
        { "xpRequired": 176550,	"level": 23 },
        { "xpRequired": 195450,	"level": 24 },
        { "xpRequired": 216050,	"level": 25 },
        { "xpRequired": 238500,	"level": 26 },
        { "xpRequired": 262950,	"level": 27 },
        { "xpRequired": 289600,	"level": 28 },
        { "xpRequired": 318650,	"level": 29 },
        { "xpRequired": 350300,	"level": 30 },
        { "xpRequired": 384800,	"level": 31 },
        { "xpRequired": 422400,	"level": 32 },
        { "xpRequired": 463400,	"level": 33 },
        { "xpRequired": 508100,	"level": 34 },
        { "xpRequired": 556800,	"level": 35 },
        { "xpRequired": 609900,	"level": 36 },
        { "xpRequired": 667800,	"level": 37 },
        { "xpRequired": 730900,	"level": 38 },
        { "xpRequired": 799700,	"level": 39 },
        { "xpRequired": 874700,	"level": 40 },
        { "xpRequired": 876900, "level": 41 },
        { "xpRequired": 880700, "level": 42 },
        { "xpRequired": 887589, "level": 43 },
        { "xpRequired": 917859, "level": 44 },
        { "xpRequired": 932136, "level": 45 },
        { "xpRequired": 957312, "level": 46 },
        { "xpRequired": 975678, "level": 47 },
        { "xpRequired": 998876, "level": 48 },
        { "xpRequired": 1015523, "level": 49 },
        { "xpRequired": 1046478, "level": 50 },
        { "xpRequired": 1073212, "level": 51 },
        { "xpRequired": 1093319, "level": 52 },
        { "xpRequired": 1117891, "level": 53 },
        { "xpRequired": 1133912, "level": 54 },
        { "xpRequired": 1156788, "level": 55 },
        { "xpRequired": 1177742, "level": 56 },
        { "xpRequired": 1191235, "level": 57 },
        { "xpRequired": 1217891, "level": 58 },
        { "xpRequired": 1235213, "level": 59 },
        { "xpRequired": 1256781, "level": 60 },
        { "xpRequired": 1275312, "level": 61 },
        { "xpRequired": 1297812, "level": 62 },
        { "xpRequired": 1326138, "level": 63 },
        { "xpRequired": 1348890, "level": 64 },
        { "xpRequired": 1369870, "level": 65 },
        { "xpRequired": 1389875, "level": 66 },
        { "xpRequired": 1415699, "level": 67 },
        { "xpRequired": 1437562, "level": 68 },
        { "xpRequired": 1452157, "level": 69 },
        { "xpRequired": 1476123, "level": 70 },
        { "xpRequired": 1495126, "level": 71 },
        { "xpRequired": 1525612, "level": 72 },
        { "xpRequired": 1555371, "level": 73 },
        { "xpRequired": 1581321, "level": 74 },
        { "xpRequired": 1618654, "level": 75 },
        { "xpRequired": 1633213, "level": 76 },
        { "xpRequired": 1657889, "level": 77 },
        { "xpRequired": 1686123, "level": 78 },
        { "xpRequired": 1715610, "level": 79 },
        { "xpRequired": 1730975, "level": 80 },
        { "xpRequired": 1757543, "level": 81 },
        { "xpRequired": 1797891, "level": 82 },
        { "xpRequired": 1826136, "level": 83 },
        { "xpRequired": 1853167, "level": 84 },
        { "xpRequired": 1895120, "level": 85 },
        { "xpRequired": 1929864, "level": 86 },
        { "xpRequired": 1953167, "level": 87 },
        { "xpRequired": 1986132, "level": 88 },
        { "xpRequired": 2033128, "level": 89 },
        { "xpRequired": 2068754, "level": 90 },
        { "xpRequired": 2092103, "level": 91 },
        { "xpRequired": 2133912, "level": 92 },
        { "xpRequired": 2186091, "level": 93 },
        { "xpRequired": 2256079, "level": 94 },
        { "xpRequired": 2311206, "level": 95 },
        { "xpRequired": 2417777, "level": 96 },
        { "xpRequired": 2509999, "level": 97 },
        { "xpRequired": 2609617, "level": 98 },
        { "xpRequired": 2999999, "level": 99 }
    ],

    "skillPointRewards": [
        { "level": 1,  "spReward": 0 },
        { "level": 2,  "spReward": 6 },
        { "level": 3,  "spReward": 9 },
        { "level": 4,  "spReward": 12 },
        { "level": 5,  "spReward": 15 },
        { "level": 6,  "spReward": 18 },
        { "level": 7,  "spReward": 21 },
        { "level": 8,  "spReward": 24 },
        { "level": 9,  "spReward": 27 },
        { "level": 10, "spReward": 30 },
        { "level": 11, "spReward": 33 },
        { "level": 12, "spReward": 36 },
        { "level": 13, "spReward": 39 },
        { "level": 14, "spReward": 42 },
        { "level": 15, "spReward": 45 },
        { "level": 16, "spReward": 48 },
        { "level": 17, "spReward": 51 },
        { "level": 18, "spReward": 54 },
        { "level": 19, "spReward": 57 },
        { "level": 20, "spReward": 60 },
        { "level": 21, "spReward": 64 },
        { "level": 22, "spReward": 68 },
        { "level": 23, "spReward": 72 },
        { "level": 24, "spReward": 76 },
        { "level": 25, "spReward": 80 },
        { "level": 26, "spReward": 84 },
        { "level": 27, "spReward": 88 },
        { "level": 28, "spReward": 92 },
        { "level": 29, "spReward": 96 },
        { "level": 30, "spReward": 100 },
        { "level": 31, "spReward": 104 },
        { "level": 32, "spReward": 108 },
        { "level": 33, "spReward": 112 },
        { "level": 34, "spReward": 116 },
        { "level": 35, "spReward": 120 },
        { "level": 36, "spReward": 124 },
        { "level": 37, "spReward": 128 },
        { "level": 38, "spReward": 132 },
        { "level": 39, "spReward": 136 },
        { "level": 40, "spReward": 140 },
        { "level": 41, "spReward": 150 },
        { "level": 42, "spReward": 160 },
        { "level": 43, "spReward": 170 },
        { "level": 44, "spReward": 186 },
        { "level": 45, "spReward": 190 },
        { "level": 46, "spReward": 194 },
        { "level": 47, "spReward": 198 },
        { "level": 48, "spReward": 202 },
        { "level": 49, "spReward": 206 },
        { "level": 50, "spReward": 210 },
        { "level": 51, "spReward": 214 },
        { "level": 52, "spReward": 218 },
        { "level": 53, "spReward": 222 },
        { "level": 54, "spReward": 226 },
        { "level": 55, "spReward": 230 },
        { "level": 56, "spReward": 234 },
        { "level": 57, "spReward": 238 },
        { "level": 58, "spReward": 242 },
        { "level": 59, "spReward": 248 },
        { "level": 60, "spReward": 252 },
        { "level": 61, "spReward": 258 },
        { "level": 62, "spReward": 262 },
        { "level": 63, "spReward": 266 },
        { "level": 64, "spReward": 270 },
        { "level": 65, "spReward": 274 },
        { "level": 66, "spReward": 278 },
        { "level": 67, "spReward": 282 },
        { "level": 68, "spReward": 286 },
        { "level": 69, "spReward": 290 },
        { "level": 70, "spReward": 295 },
        { "level": 71, "spReward": 300 },
        { "level": 72, "spReward": 305 },
        { "level": 73, "spReward": 310 },
        { "level": 74, "spReward": 315 },
        { "level": 75, "spReward": 320 },
        { "level": 76, "spReward": 325 },
        { "level": 77, "spReward": 330 },
        { "level": 78, "spReward": 335 },
        { "level": 79, "spReward": 340 },
        { "level": 80, "spReward": 345 },
        { "level": 81, "spReward": 350 },
        { "level": 82, "spReward": 355 },
        { "level": 83, "spReward": 360 },
        { "level": 84, "spReward": 365 },
        { "level": 85, "spReward": 370 },
        { "level": 86, "spReward": 375 },
        { "level": 87, "spReward": 380 },
        { "level": 88, "spReward": 385 },
        { "level": 89, "spReward": 390 },
        { "level": 90, "spReward": 395 },
        { "level": 91, "spReward": 400 },
        { "level": 92, "spReward": 410 },
        { "level": 93, "spReward": 420 },
        { "level": 94, "spReward": 430 },
        { "level": 95, "spReward": 440 },
        { "level": 96, "spReward": 450 },
        { "level": 97, "spReward": 460 },
        { "level": 98, "spReward": 470 },
        { "level": 99, "spReward": 500 }
    ]
}
